date,new_state,trigger,spy,vix,hy_oas
1998-01-02,ELEVATED,primary_to_ELEVATED,97.56,23.42,1.54
1998-01-07,STRESS,primary_to_STRESS,96.47,25.07,1.62
1998-01-14,ELEVATED,primary_to_ELEVATED,95.75,23.75,1.68
1998-02-19,NORMAL,primary_to_NORMAL,102.89,19.88,1.69
1998-03-05,ELEVATED,primary_to_ELEVATED,103.84,20.93,1.65
1998-04-02,STRESS,primary_to_STRESS,112.03,21.98,1.71
1998-04-13,ELEVATED,primary_to_ELEVATED,110.88,22.77,1.69
1998-04-21,NORMAL,primary_to_NORMAL,112.78,19.91,1.67
1998-04-24,ELEVATED,primary_to_ELEVATED,110.81,21.97,1.68
1998-05-20,NORMAL,primary_to_NORMAL,112.41,19.89,1.64
1998-05-26,ELEVATED,primary_to_ELEVATED,109.47,22.07,1.63
1998-06-05,NORMAL,primary_to_NORMAL,112.0,19.78,1.6
1998-06-10,ELEVATED,primary_to_ELEVATED,111.5,21.48,1.61
1998-08-21,STRESS,primary_to_STRESS,108.56,33.14,1.8
1998-11-17,ELEVATED,primary_to_ELEVATED,114.06,27.95,2.49
1998-12-02,STRESS,primary_to_STRESS,117.28,25.43,2.57
1998-12-21,ELEVATED,primary_to_ELEVATED,120.16,23.86,2.59
1999-01-04,STRESS,primary_to_STRESS,123.03,26.17,2.61
1999-01-08,ELEVATED,primary_to_ELEVATED,127.75,23.28,2.51
1999-01-15,STRESS,primary_to_STRESS,124.38,29.24,2.61
1999-03-05,ELEVATED,primary_to_ELEVATED,127.55,24.08,2.24
1999-05-24,STRESS,primary_to_STRESS,131.12,27.62,2.27
1999-06-04,ELEVATED,primary_to_ELEVATED,133.22,23.43,2.12
1999-09-24,STRESS,primary_to_STRESS,127.75,27.79,2.41
1999-10-01,ELEVATED,primary_to_ELEVATED,128.47,24.93,2.26
1999-11-18,NORMAL,primary_to_NORMAL,142.62,19.76,2.04
1999-11-26,ELEVATED,primary_to_ELEVATED,141.44,22.33,2.01
1999-12-03,NORMAL,primary_to_NORMAL,143.84,19.32,1.96
2000-01-04,ELEVATED,primary_to_ELEVATED,139.75,27.01,1.72
2000-02-09,STRESS,primary_to_STRESS,141.28,22.9,1.7
2000-03-01,ELEVATED,primary_to_ELEVATED,138.44,21.64,1.96
2000-03-14,STRESS,primary_to_STRESS,136.62,24.41,2.15
2000-04-07,ELEVATED,primary_to_ELEVATED,151.44,24.39,2.4
2000-04-14,STRESS,primary_to_STRESS,136.0,33.49,2.53
2000-05-15,ELEVATED,primary_to_ELEVATED,145.28,24.86,2.52
2000-07-14,NORMAL,primary_to_NORMAL,151.25,19.32,2.24
2000-08-03,ELEVATED,primary_to_ELEVATED,145.59,19.99,2.31
2000-08-30,NORMAL,primary_to_NORMAL,150.34,17.69,2.49
2000-09-06,ELEVATED,primary_to_ELEVATED,149.56,20.79,2.54
2000-09-20,NORMAL,primary_to_NORMAL,144.89,19.93,2.55
2000-10-03,ELEVATED,primary_to_ELEVATED,142.5,21.85,2.54
2000-10-11,STRESS,primary_to_STRESS,136.53,26.57,2.61
2000-10-20,ELEVATED,primary_to_ELEVATED,139.91,24.24,2.65
2000-11-21,STRESS,primary_to_STRESS,135.38,26.62,2.64
2000-12-05,ELEVATED,primary_to_ELEVATED,137.72,24.99,2.69
2000-12-18,STRESS,primary_to_STRESS,132.72,27.7,2.81
2001-01-12,ELEVATED,primary_to_ELEVATED,132.0,24.56,2.8
2001-03-14,STRESS,primary_to_STRESS,117.65,29.61,2.98
2001-04-27,ELEVATED,primary_to_ELEVATED,125.78,24.02,2.76
2001-06-29,NORMAL,primary_to_NORMAL,122.6,19.06,2.65
2001-07-06,ELEVATED,primary_to_ELEVATED,119.05,21.63,2.69
2001-08-03,NORMAL,primary_to_NORMAL,121.94,19.89,2.72
2001-08-08,ELEVATED,primary_to_ELEVATED,118.53,22.32,2.88
2001-08-17,STRESS,primary_to_STRESS,116.75,23.84,2.97
2001-08-24,ELEVATED,primary_to_ELEVATED,119.02,19.71,2.91
2001-09-10,STRESS,primary_to_STRESS,110.05,31.84,2.99
2001-11-19,ELEVATED,primary_to_ELEVATED,115.77,24.46,3.08
2001-12-03,STRESS,primary_to_STRESS,113.37,25.77,3.14
2001-12-07,ELEVATED,primary_to_ELEVATED,116.56,23.49,2.96
2002-02-04,STRESS,primary_to_STRESS,109.85,24.87,2.93
2002-02-11,ELEVATED,primary_to_ELEVATED,111.44,21.78,3.02
2002-03-06,NORMAL,primary_to_NORMAL,116.75,19.94,2.91
2002-04-03,ELEVATED,primary_to_ELEVATED,113.14,20.2,2.83
2002-04-17,NORMAL,primary_to_NORMAL,112.96,18.43,2.79
2002-04-24,ELEVATED,primary_to_ELEVATED,109.41,20.77,2.81
2002-07-01,STRESS,primary_to_STRESS,97.03,27.11,3.14
2002-11-01,ELEVATED,primary_to_ELEVATED,90.27,29.3,3.76
2003-06-26,NORMAL,primary_to_NORMAL,98.8,19.4,2.8
2003-08-04,ELEVATED,primary_to_ELEVATED,98.51,21.27,2.62
2003-08-13,NORMAL,primary_to_NORMAL,99.04,18.77,2.56
2003-09-09,ELEVATED,primary_to_ELEVATED,103.0,18.85,2.53
2003-09-23,NORMAL,primary_to_NORMAL,102.94,19.47,2.5
2003-09-26,ELEVATED,primary_to_ELEVATED,99.95,22.23,2.55
2003-10-07,NORMAL,primary_to_NORMAL,104.26,19.41,2.49
2003-11-18,ELEVATED,primary_to_ELEVATED,103.84,19.11,2.38
2003-11-28,NORMAL,primary_to_NORMAL,106.45,16.32,2.33
2004-01-13,ELEVATED,primary_to_ELEVATED,112.56,18.04,2.35
2004-01-27,NORMAL,primary_to_NORMAL,114.68,15.35,2.26
2004-02-25,EASY,primary_to_EASY,114.87,14.93,2.21
2004-03-10,ELEVATED,primary_to_ELEVATED,112.58,18.67,2.31
2004-03-30,NORMAL,primary_to_NORMAL,112.97,16.28,2.28
2004-05-10,ELEVATED,primary_to_ELEVATED,108.83,19.77,1.98
2004-05-17,STRESS,primary_to_STRESS,109.1,19.96,2.08
2004-05-25,ELEVATED,primary_to_ELEVATED,111.85,15.96,2.02
2004-06-10,NORMAL,primary_to_NORMAL,114.35,15.04,2.03
2004-07-06,ELEVATED,primary_to_ELEVATED,111.89,16.25,2.14
2004-08-06,STRESS,primary_to_STRESS,106.85,19.34,2.22
2004-08-17,ELEVATED,primary_to_ELEVATED,108.91,17.02,2.21
2004-09-07,NORMAL,primary_to_NORMAL,112.86,14.07,2.13
2004-10-05,EASY,primary_to_EASY,113.9,13.95,2.1
2004-10-08,ELEVATED,primary_to_ELEVATED,112.51,15.05,2.1
2004-11-04,NORMAL,primary_to_NORMAL,116.55,13.97,2.05
2004-12-03,EASY,primary_to_EASY,119.25,12.96,1.96
2005-01-05,ELEVATED,primary_to_ELEVATED,118.01,14.09,1.83
2005-01-18,NORMAL,primary_to_NORMAL,119.47,12.47,1.77
2005-02-15,EASY,primary_to_EASY,121.13,11.27,1.64
2005-04-14,ELEVATED,primary_to_ELEVATED,115.77,14.53,1.75
2005-04-19,STRESS,primary_to_STRESS,115.41,14.96,1.76
2005-04-25,ELEVATED,primary_to_ELEVATED,116.33,14.62,1.71
2005-05-04,STRESS,primary_to_STRESS,117.5,13.85,1.83
2005-05-18,ELEVATED,primary_to_ELEVATED,118.79,13.63,1.92
2005-06-03,NORMAL,primary_to_NORMAL,120.15,12.15,1.84
2005-07-01,EASY,primary_to_EASY,119.53,11.4,1.83
2005-10-06,ELEVATED,primary_to_ELEVATED,119.2,14.96,1.82
2006-02-02,NORMAL,primary_to_NORMAL,126.9,13.23,1.74
2006-03-03,EASY,primary_to_EASY,128.76,11.96,1.67
2006-04-11,ELEVATED,primary_to_ELEVATED,128.64,13.0,1.71
2006-04-26,NORMAL,primary_to_NORMAL,130.4,11.76,1.64
2006-05-16,ELEVATED,primary_to_ELEVATED,129.31,13.35,1.66
2006-10-23,NORMAL,primary_to_NORMAL,137.47,11.08,1.66
2007-02-27,ELEVATED,primary_to_ELEVATED,139.5,18.31,1.59
2007-03-02,STRESS,primary_to_STRESS,138.67,18.61,1.64
2007-03-07,ELEVATED,primary_to_ELEVATED,139.56,15.24,1.66
2007-04-04,NORMAL,primary_to_NORMAL,143.85,13.24,1.74
2007-05-30,EASY,primary_to_EASY,153.48,12.83,1.61
2007-06-06,ELEVATED,primary_to_ELEVATED,151.84,14.87,1.6
2007-07-24,STRESS,primary_to_STRESS,151.3,18.55,1.65
2007-08-08,ELEVATED,primary_to_ELEVATED,149.83,21.45,1.87
2007-08-14,STRESS,primary_to_STRESS,143.01,27.68,1.95
2007-08-22,ELEVATED,primary_to_ELEVATED,146.65,22.89,2.07
2007-09-10,STRESS,primary_to_STRESS,145.79,27.38,2.13
2007-09-13,ELEVATED,primary_to_ELEVATED,148.91,24.76,2.12
2007-09-21,NORMAL,primary_to_NORMAL,151.97,19.0,2.03
2007-10-02,ELEVATED,primary_to_ELEVATED,154.09,18.49,2.0
2007-10-05,NORMAL,primary_to_NORMAL,155.85,16.91,1.94
2007-10-11,ELEVATED,primary_to_ELEVATED,155.47,18.88,1.9
2007-10-22,STRESS,primary_to_STRESS,150.54,21.64,1.96
2007-11-06,ELEVATED,primary_to_ELEVATED,152.07,21.39,2.03
2007-11-09,STRESS,primary_to_STRESS,145.14,28.5,2.18
2007-11-20,ELEVATED,primary_to_ELEVATED,144.64,24.88,2.35
2007-11-26,STRESS,primary_to_STRESS,140.95,28.91,2.4
2007-11-29,ELEVATED,primary_to_ELEVATED,147.18,23.97,2.46
2007-12-21,NORMAL,primary_to_NORMAL,148.13,18.47,2.5
2007-12-27,ELEVATED,primary_to_ELEVATED,147.67,20.26,2.52
2008-01-04,STRESS,primary_to_STRESS,141.31,23.94,2.59
2008-01-11,ELEVATED,primary_to_ELEVATED,140.15,23.68,2.77
2008-01-16,STRESS,primary_to_STRESS,136.98,24.38,2.77
2008-02-01,ELEVATED,primary_to_ELEVATED,139.58,24.02,2.98
2008-02-06,STRESS,primary_to_STRESS,133.05,28.97,3.05
2008-02-13,ELEVATED,primary_to_ELEVATED,136.37,24.88,3.11
2008-02-29,STRESS,primary_to_STRESS,133.82,26.54,3.22
2008-03-05,ELEVATED,primary_to_ELEVATED,133.83,24.6,3.26
2008-03-10,STRESS,primary_to_STRESS,128.0,29.38,3.43
2008-04-01,ELEVATED,primary_to_ELEVATED,136.61,22.68,3.43
2008-04-25,NORMAL,primary_to_NORMAL,139.6,19.59,3.14
2008-05-07,ELEVATED,primary_to_ELEVATED,139.52,19.73,3.05
2008-05-28,NORMAL,primary_to_NORMAL,139.3,19.07,3.03
2008-06-03,ELEVATED,primary_to_ELEVATED,138.09,20.24,3.03
2008-06-30,STRESS,primary_to_STRESS,127.98,23.95,3.05
2008-07-08,ELEVATED,primary_to_ELEVATED,127.24,23.15,3.11
2008-07-15,STRESS,primary_to_STRESS,120.99,28.54,3.22
2008-07-18,ELEVATED,primary_to_ELEVATED,125.98,24.05,3.17
2008-09-15,STRESS,primary_to_STRESS,120.09,31.7,3.66
2009-05-19,ELEVATED,primary_to_ELEVATED,91.12,28.8,4.79
2009-06-26,STRESS,primary_to_STRESS,91.84,25.93,3.65
2009-07-17,ELEVATED,primary_to_ELEVATED,94.13,24.34,3.56
2009-08-17,STRESS,primary_to_STRESS,98.31,27.89,3.08
2009-08-26,ELEVATED,primary_to_ELEVATED,103.17,24.95,2.98
2009-10-05,STRESS,primary_to_STRESS,104.02,26.84,2.95
2009-10-08,ELEVATED,primary_to_ELEVATED,106.61,24.18,2.96
2009-12-22,NORMAL,primary_to_NORMAL,111.73,19.54,2.65
2010-01-21,ELEVATED,primary_to_ELEVATED,111.7,22.27,2.51
2010-02-22,NORMAL,primary_to_NORMAL,111.16,19.94,2.65
2010-04-16,ELEVATED,primary_to_ELEVATED,119.36,18.36,2.43
2010-04-22,NORMAL,primary_to_NORMAL,121.02,16.47,2.38
2010-04-27,ELEVATED,primary_to_ELEVATED,118.48,22.81,2.39
2010-05-07,STRESS,escape_to_STRESS,111.26,40.95,2.55
2010-07-09,ELEVATED,primary_to_ELEVATED,107.96,24.98,3.07
2010-08-11,STRESS,primary_to_STRESS,109.3,25.39,3.03
2010-08-18,ELEVATED,primary_to_ELEVATED,109.79,24.59,2.94
2010-10-22,NORMAL,primary_to_NORMAL,118.35,18.78,3.18
2010-11-05,ELEVATED,primary_to_ELEVATED,122.72,18.26,3.27
2010-11-18,NORMAL,primary_to_NORMAL,119.96,18.75,3.12
2010-11-26,ELEVATED,primary_to_ELEVATED,118.8,22.22,3.07
2010-12-02,NORMAL,primary_to_NORMAL,122.56,19.39,2.99
2011-01-21,ELEVATED,primary_to_ELEVATED,128.37,18.47,2.68
2011-02-03,NORMAL,primary_to_NORMAL,130.78,16.69,2.61
2011-02-22,ELEVATED,primary_to_ELEVATED,131.83,20.8,2.62
2011-03-23,NORMAL,primary_to_NORMAL,129.66,19.17,2.63
2011-06-03,ELEVATED,primary_to_ELEVATED,130.42,17.95,2.73
2011-07-01,NORMAL,primary_to_NORMAL,133.92,15.87,2.69
2011-07-12,ELEVATED,primary_to_ELEVATED,131.4,19.87,2.77
2011-07-22,NORMAL,primary_to_NORMAL,134.58,17.52,2.75
2011-07-27,ELEVATED,primary_to_ELEVATED,130.6,22.98,2.73
2011-08-08,STRESS,escape_to_STRESS,112.26,48.0,2.88
2011-10-28,ELEVATED,primary_to_ELEVATED,128.6,24.53,2.99
2011-11-09,STRESS,escape_to_STRESS,123.16,36.16,3.08
2011-12-21,ELEVATED,primary_to_ELEVATED,124.17,21.43,3.3
2012-02-01,NORMAL,primary_to_NORMAL,132.47,18.55,3.25
2012-02-10,ELEVATED,primary_to_ELEVATED,134.36,20.79,3.17
2012-03-16,NORMAL,primary_to_NORMAL,140.3,14.47,3.04
2012-04-09,ELEVATED,primary_to_ELEVATED,138.22,18.81,3.11
2012-06-20,NORMAL,primary_to_NORMAL,135.48,17.24,3.38
2012-06-25,ELEVATED,primary_to_ELEVATED,131.32,20.38,3.36
2012-07-11,NORMAL,primary_to_NORMAL,134.16,17.95,3.36
2012-07-24,ELEVATED,primary_to_ELEVATED,133.93,20.47,3.29
2012-07-30,NORMAL,primary_to_NORMAL,138.68,18.03,3.26
2012-10-23,ELEVATED,primary_to_ELEVATED,141.42,18.83,2.73
2012-12-14,NORMAL,primary_to_NORMAL,142.1,17.0,2.9
2012-12-28,ELEVATED,primary_to_ELEVATED,140.03,22.72,2.85
2013-04-05,NORMAL,primary_to_NORMAL,155.16,13.92,2.82
2013-05-08,EASY,primary_to_EASY,163.34,12.66,2.8
2013-06-20,ELEVATED,primary_to_ELEVATED,159.4,20.49,2.93
2013-07-02,NORMAL,primary_to_NORMAL,161.21,16.44,2.81
2013-07-31,EASY,primary_to_EASY,168.71,13.45,2.68
2013-08-30,ELEVATED,primary_to_ELEVATED,163.65,17.01,2.56
2013-09-05,NORMAL,primary_to_NORMAL,165.96,15.77,2.55
2013-09-16,ELEVATED,primary_to_ELEVATED,170.31,14.38,2.68
2013-10-09,NORMAL,primary_to_NORMAL,165.6,19.6,2.71
2013-10-15,ELEVATED,primary_to_ELEVATED,169.7,18.66,2.66
2013-11-21,NORMAL,primary_to_NORMAL,179.91,12.66,2.65
2013-12-20,EASY,primary_to_EASY,181.56,13.79,2.38
2014-01-24,ELEVATED,primary_to_ELEVATED,178.89,18.14,2.35
2014-02-12,NORMAL,primary_to_NORMAL,182.07,14.3,2.36
2014-03-18,EASY,primary_to_EASY,187.66,14.52,2.42
2014-04-10,ELEVATED,primary_to_ELEVATED,183.16,15.89,2.24
2014-04-15,NORMAL,primary_to_NORMAL,184.2,15.61,2.2
2014-05-09,ELEVATED,primary_to_ELEVATED,187.96,12.92,2.21
2014-06-16,NORMAL,primary_to_NORMAL,194.29,12.65,2.17
2014-07-15,EASY,primary_to_EASY,197.23,11.96,2.2
2014-07-31,ELEVATED,primary_to_ELEVATED,193.09,16.95,2.17
2014-08-25,NORMAL,primary_to_NORMAL,200.2,11.7,2.25
2014-09-05,ELEVATED,primary_to_ELEVATED,201.11,12.09,2.29
2014-10-14,STRESS,primary_to_STRESS,187.7,22.79,2.39
2014-10-20,ELEVATED,primary_to_ELEVATED,190.3,18.57,2.45
2014-10-23,NORMAL,primary_to_NORMAL,194.93,16.53,2.42
2014-11-13,ELEVATED,primary_to_ELEVATED,204.19,13.79,2.47
2014-11-25,NORMAL,primary_to_NORMAL,207.11,12.25,2.46
2014-12-03,ELEVATED,primary_to_ELEVATED,207.89,12.47,2.52
2014-12-08,NORMAL,primary_to_NORMAL,206.61,14.21,2.48
2014-12-11,ELEVATED,primary_to_ELEVATED,204.19,20.08,2.53
2014-12-16,STRESS,primary_to_STRESS,197.91,23.57,2.6
2014-12-19,ELEVATED,primary_to_ELEVATED,206.52,16.49,2.56
2014-12-24,NORMAL,primary_to_NORMAL,207.77,14.37,2.5
2014-12-31,ELEVATED,primary_to_ELEVATED,205.54,19.2,2.51
2015-01-15,STRESS,primary_to_STRESS,199.02,22.39,2.65
2015-01-21,ELEVATED,primary_to_ELEVATED,203.08,18.85,2.59
2015-01-26,NORMAL,primary_to_NORMAL,205.45,15.52,2.58
2015-01-29,ELEVATED,primary_to_ELEVATED,201.99,18.76,2.58
2015-02-06,NORMAL,primary_to_NORMAL,205.55,17.29,2.55
2015-03-18,ELEVATED,primary_to_ELEVATED,210.46,13.97,2.55
2015-04-08,NORMAL,primary_to_NORMAL,207.98,13.98,2.51
2015-04-30,ELEVATED,primary_to_ELEVATED,208.46,14.55,2.6
2015-06-08,NORMAL,primary_to_NORMAL,208.48,15.29,2.7
2015-06-17,ELEVATED,primary_to_ELEVATED,210.59,14.5,2.76
2015-07-21,NORMAL,primary_to_NORMAL,211.75,12.22,2.87
2015-07-31,ELEVATED,primary_to_ELEVATED,210.5,12.12,2.94
2015-08-21,STRESS,primary_to_STRESS,197.83,28.03,3.1
2015-09-10,ELEVATED,primary_to_ELEVATED,195.85,24.37,3.12
2015-09-29,STRESS,primary_to_STRESS,188.12,26.83,3.26
2015-10-02,ELEVATED,primary_to_ELEVATED,195.0,20.94,3.34
2015-10-09,NORMAL,primary_to_NORMAL,201.33,17.08,3.26
2015-11-12,ELEVATED,primary_to_ELEVATED,204.84,18.37,3.19
2015-11-23,NORMAL,primary_to_NORMAL,209.07,15.62,3.19
2015-12-03,ELEVATED,primary_to_ELEVATED,205.61,18.11,3.18
2015-12-11,STRESS,primary_to_STRESS,201.88,24.39,3.24
2015-12-16,ELEVATED,primary_to_ELEVATED,208.03,17.86,3.21
2015-12-28,NORMAL,primary_to_NORMAL,205.21,16.91,3.21
2016-01-04,ELEVATED,primary_to_ELEVATED,201.02,20.7,3.24
2016-01-08,STRESS,primary_to_STRESS,191.92,27.01,3.31
2016-01-22,ELEVATED,primary_to_ELEVATED,190.52,22.34,3.42
2016-02-11,STRESS,primary_to_STRESS,182.86,28.14,3.63
2016-02-17,ELEVATED,primary_to_ELEVATED,192.88,22.31,3.62
2016-02-25,NORMAL,primary_to_NORMAL,195.54,19.11,3.56
2016-03-08,ELEVATED,primary_to_ELEVATED,198.4,18.67,3.38
2016-03-11,NORMAL,primary_to_NORMAL,202.76,16.5,3.26
2016-06-13,ELEVATED,primary_to_ELEVATED,208.45,20.97,2.86
2016-06-23,NORMAL,primary_to_NORMAL,210.81,17.25,2.86
2016-06-28,ELEVATED,primary_to_ELEVATED,203.2,18.75,2.95
2016-07-01,NORMAL,primary_to_NORMAL,209.92,14.77,2.86
2016-08-01,ELEVATED,primary_to_ELEVATED,216.94,12.44,2.73
2016-08-09,NORMAL,primary_to_NORMAL,218.18,11.66,2.7
2016-09-06,ELEVATED,primary_to_ELEVATED,219.03,12.02,2.64
2016-10-03,NORMAL,primary_to_NORMAL,215.78,13.57,2.66
2016-11-01,ELEVATED,primary_to_ELEVATED,211.01,18.56,2.61
2016-11-04,STRESS,primary_to_STRESS,208.55,22.51,2.67
2016-11-09,ELEVATED,primary_to_ELEVATED,216.38,14.38,2.66
2016-11-14,NORMAL,primary_to_NORMAL,216.59,14.48,2.6
2016-12-13,EASY,primary_to_EASY,227.76,12.72,2.39
2016-12-29,ELEVATED,primary_to_ELEVATED,224.35,13.37,2.27
2017-01-20,NORMAL,primary_to_NORMAL,226.74,11.54,2.21
2017-02-03,ELEVATED,primary_to_ELEVATED,229.34,10.97,2.24
2017-02-15,NORMAL,primary_to_NORMAL,234.92,11.97,2.19
2017-03-15,ELEVATED,primary_to_ELEVATED,238.95,11.63,2.2
2017-05-03,NORMAL,primary_to_NORMAL,238.48,10.68,2.23
2017-06-01,EASY,primary_to_EASY,243.36,9.89,2.24
2017-07-06,ELEVATED,primary_to_ELEVATED,240.55,12.54,2.07
2017-07-20,NORMAL,primary_to_NORMAL,247.1,9.58,2.05
2017-08-10,ELEVATED,primary_to_ELEVATED,243.76,16.04,2.11
2017-09-13,NORMAL,primary_to_NORMAL,250.17,10.5,2.13
2017-10-11,EASY,primary_to_EASY,255.02,9.85,1.97
2017-11-10,ELEVATED,primary_to_ELEVATED,258.09,11.29,1.93
2017-11-21,NORMAL,primary_to_NORMAL,259.99,9.73,1.88
2017-12-20,EASY,primary_to_EASY,267.03,9.72,1.82
2018-01-16,ELEVATED,primary_to_ELEVATED,276.97,11.66,1.66
2018-01-19,NORMAL,primary_to_NORMAL,280.41,11.27,1.64
2018-02-05,STRESS,escape_to_STRESS,263.93,37.32,1.63
2018-02-13,ELEVATED,primary_to_ELEVATED,266.0,24.97,1.69
2018-03-23,STRESS,primary_to_STRESS,258.05,24.87,1.87
2018-03-28,ELEVATED,primary_to_ELEVATED,259.83,22.87,1.86
2018-04-12,NORMAL,primary_to_NORMAL,265.93,18.49,1.79
2018-04-24,ELEVATED,primary_to_ELEVATED,262.98,18.02,1.77
2018-05-11,NORMAL,primary_to_NORMAL,272.85,12.65,1.82
2018-05-29,ELEVATED,primary_to_ELEVATED,269.02,17.02,1.96
2018-06-05,NORMAL,primary_to_NORMAL,275.1,12.4,1.9
2018-06-21,ELEVATED,primary_to_ELEVATED,274.24,14.64,1.95
2018-07-06,NORMAL,primary_to_NORMAL,275.42,13.37,1.96
2018-08-03,EASY,primary_to_EASY,283.6,11.64,1.84
2018-08-13,ELEVATED,primary_to_ELEVATED,282.1,14.78,1.91
2018-09-11,NORMAL,primary_to_NORMAL,289.05,13.22,1.9
2018-10-10,ELEVATED,primary_to_ELEVATED,278.3,22.96,1.86
2018-10-23,STRESS,primary_to_STRESS,273.61,20.71,1.96
2018-10-31,ELEVATED,primary_to_ELEVATED,270.63,21.23,2.03
2018-11-06,NORMAL,primary_to_NORMAL,275.12,19.91,1.98
2018-11-12,ELEVATED,primary_to_ELEVATED,272.57,20.45,1.98
2018-11-20,STRESS,primary_to_STRESS,264.12,22.48,2.17
2018-11-26,ELEVATED,primary_to_ELEVATED,267.5,18.9,2.16
2018-12-06,STRESS,primary_to_STRESS,269.84,21.19,2.29
2018-12-12,ELEVATED,primary_to_ELEVATED,265.46,21.46,2.24
2018-12-24,STRESS,escape_to_STRESS,234.34,36.07,2.35
2019-01-02,ELEVATED,primary_to_ELEVATED,250.18,23.22,2.45
2019-01-09,NORMAL,primary_to_NORMAL,257.97,19.98,2.39
2019-01-15,ELEVATED,primary_to_ELEVATED,260.35,18.6,2.46
2019-01-18,NORMAL,primary_to_NORMAL,266.46,17.8,2.38
2019-05-07,ELEVATED,primary_to_ELEVATED,287.93,19.32,2.17
2019-05-13,STRESS,primary_to_STRESS,280.86,20.55,2.25
2019-05-16,ELEVATED,primary_to_ELEVATED,287.7,15.29,2.24
2019-06-03,STRESS,primary_to_STRESS,274.57,18.86,2.42
2019-06-06,ELEVATED,primary_to_ELEVATED,284.8,15.93,2.44
2019-06-11,NORMAL,primary_to_NORMAL,288.9,15.99,2.38
2019-08-02,ELEVATED,primary_to_ELEVATED,292.62,17.61,2.18
2019-09-10,NORMAL,primary_to_NORMAL,298.13,15.2,2.22
2019-10-01,ELEVATED,primary_to_ELEVATED,293.24,18.56,2.22
2019-10-11,NORMAL,primary_to_NORMAL,296.28,15.58,2.22
2019-11-20,ELEVATED,primary_to_ELEVATED,310.77,12.78,2.16
2019-11-27,NORMAL,primary_to_NORMAL,315.48,11.75,2.09
2019-12-27,EASY,primary_to_EASY,322.86,13.43,1.96
2020-01-24,ELEVATED,primary_to_ELEVATED,328.77,14.56,1.98
2020-01-31,STRESS,primary_to_STRESS,321.73,18.84,2.13
2020-02-05,ELEVATED,primary_to_ELEVATED,332.86,15.15,2.07
2020-02-10,NORMAL,primary_to_NORMAL,334.68,15.04,2.06
2020-02-24,ELEVATED,primary_to_ELEVATED,322.42,25.03,2.13
2020-02-27,STRESS,escape_to_STRESS,297.51,39.16,2.27
2020-05-22,ELEVATED,primary_to_ELEVATED,295.44,28.16,3.18
2020-06-11,STRESS,escape_to_STRESS,300.61,40.79,2.91
2020-07-20,ELEVATED,primary_to_ELEVATED,324.32,24.46,2.66
2020-09-25,STRESS,primary_to_STRESS,328.73,26.38,2.74
2020-11-06,ELEVATED,primary_to_ELEVATED,350.16,24.86,2.51
2021-01-27,STRESS,escape_to_STRESS,374.41,37.21,2.16
2021-02-03,ELEVATED,primary_to_ELEVATED,381.85,22.91,2.17
2021-03-22,NORMAL,primary_to_NORMAL,392.59,18.88,2.08
2021-04-20,ELEVATED,primary_to_ELEVATED,412.17,18.68,2.0
2021-06-16,NORMAL,primary_to_NORMAL,422.11,18.15,1.91
2021-07-08,ELEVATED,primary_to_ELEVATED,430.92,19.0,1.91
2021-08-26,NORMAL,primary_to_NORMAL,446.26,18.84,1.92
2021-09-07,ELEVATED,primary_to_ELEVATED,451.46,18.14,1.91
2021-09-15,NORMAL,primary_to_NORMAL,447.88,18.18,1.85
2021-09-20,ELEVATED,primary_to_ELEVATED,434.04,25.71,1.84
2021-09-27,NORMAL,primary_to_NORMAL,442.64,18.76,1.78
2021-09-30,ELEVATED,primary_to_ELEVATED,429.14,23.14,1.85
2021-10-13,NORMAL,primary_to_NORMAL,435.18,18.64,1.79
2021-11-10,ELEVATED,primary_to_ELEVATED,463.62,18.73,1.66
2021-11-26,STRESS,primary_to_STRESS,458.97,28.62,1.82
2021-12-07,ELEVATED,primary_to_ELEVATED,468.28,21.89,1.75
2022-01-05,NORMAL,primary_to_NORMAL,468.38,19.73,1.8
2022-01-18,ELEVATED,primary_to_ELEVATED,456.49,22.79,1.78
2022-01-24,STRESS,primary_to_STRESS,439.84,29.9,1.89
2022-01-31,ELEVATED,primary_to_ELEVATED,449.91,24.83,1.93
2022-02-11,STRESS,primary_to_STRESS,440.46,27.36,2.0
2022-02-16,ELEVATED,primary_to_ELEVATED,446.6,24.29,2.05
2022-02-22,STRESS,primary_to_STRESS,429.57,28.81,2.13
2022-03-18,ELEVATED,primary_to_ELEVATED,444.52,23.87,2.14
2022-03-28,NORMAL,primary_to_NORMAL,455.91,19.63,1.94
2022-04-06,ELEVATED,primary_to_ELEVATED,446.52,22.1,1.77
2022-04-25,STRESS,primary_to_STRESS,428.51,27.02,2.03
2022-06-02,ELEVATED,primary_to_ELEVATED,417.39,24.72,2.1
2022-06-17,STRESS,primary_to_STRESS,365.86,31.13,2.13
2022-07-08,ELEVATED,primary_to_ELEVATED,388.67,24.64,2.31
2022-08-17,NORMAL,primary_to_NORMAL,426.65,19.9,2.24
2022-08-22,ELEVATED,primary_to_ELEVATED,413.35,23.8,2.24
2022-09-28,STRESS,primary_to_STRESS,370.53,30.18,2.25
2022-11-04,ELEVATED,primary_to_ELEVATED,376.35,24.55,2.22
2022-11-09,STRESS,primary_to_STRESS,374.13,26.09,2.33
2022-11-16,ELEVATED,primary_to_ELEVATED,395.45,24.11,2.24
2023-01-12,NORMAL,primary_to_NORMAL,396.96,18.83,1.97
2023-02-13,ELEVATED,primary_to_ELEVATED,412.83,20.34,1.84
2023-03-03,NORMAL,primary_to_NORMAL,404.19,18.49,1.79
2023-03-09,ELEVATED,primary_to_ELEVATED,391.56,22.61,1.85
2023-03-15,STRESS,primary_to_STRESS,389.28,26.14,2.22
2023-03-22,ELEVATED,primary_to_ELEVATED,392.11,22.26,2.16
2023-03-30,NORMAL,primary_to_NORMAL,403.7,19.02,2.11
2023-04-25,ELEVATED,primary_to_ELEVATED,406.08,18.76,2.09
2023-05-22,NORMAL,primary_to_NORMAL,418.79,17.21,2.19
2023-07-13,ELEVATED,primary_to_ELEVATED,449.56,13.61,1.91
2023-07-20,NORMAL,primary_to_NORMAL,452.18,13.99,1.85
2023-08-04,ELEVATED,primary_to_ELEVATED,446.81,17.1,1.9
2023-08-14,NORMAL,primary_to_NORMAL,448.11,14.82,1.84
2023-09-28,ELEVATED,primary_to_ELEVATED,428.52,17.34,1.8
2023-11-08,NORMAL,primary_to_NORMAL,437.25,14.45,1.84
2023-12-22,ELEVATED,primary_to_ELEVATED,473.65,13.03,1.65
2024-01-10,NORMAL,primary_to_NORMAL,476.56,12.69,1.59
2024-03-01,ELEVATED,primary_to_ELEVATED,512.85,13.11,1.57
2024-03-14,NORMAL,primary_to_NORMAL,514.95,14.4,1.53
2024-04-15,ELEVATED,primary_to_ELEVATED,504.45,19.23,1.46
2024-08-02,STRESS,primary_to_STRESS,532.9,23.39,1.8
2024-08-08,ELEVATED,primary_to_ELEVATED,530.65,23.79,1.78
2024-08-14,NORMAL,primary_to_NORMAL,543.75,16.19,1.74
2024-09-03,ELEVATED,primary_to_ELEVATED,552.08,20.72,1.73
2024-09-17,NORMAL,primary_to_NORMAL,563.07,17.61,1.68
2024-10-01,ELEVATED,primary_to_ELEVATED,568.62,19.26,1.65
2024-10-04,NORMAL,primary_to_NORMAL,572.98,19.21,1.57
2024-10-25,ELEVATED,primary_to_ELEVATED,579.04,20.33,1.51
2024-11-08,NORMAL,primary_to_NORMAL,598.19,14.94,1.38
2024-12-13,EASY,primary_to_EASY,604.21,13.81,1.42
2024-12-18,ELEVATED,primary_to_ELEVATED,586.28,27.62,1.37
2025-03-03,STRESS,primary_to_STRESS,583.77,22.78,1.61
2025-03-13,ELEVATED,primary_to_ELEVATED,551.42,24.66,1.7
2025-03-20,NORMAL,primary_to_NORMAL,565.49,19.8,1.64
2025-03-28,ELEVATED,primary_to_ELEVATED,555.66,21.65,1.73
2025-04-03,STRESS,primary_to_STRESS,536.7,30.02,1.89
2025-04-25,ELEVATED,primary_to_ELEVATED,550.64,24.84,1.84
2025-05-12,NORMAL,primary_to_NORMAL,582.99,18.39,1.82
2025-05-21,ELEVATED,primary_to_ELEVATED,582.86,20.87,1.85
2025-06-06,NORMAL,primary_to_NORMAL,599.14,16.77,1.73
2025-06-13,ELEVATED,primary_to_ELEVATED,597.0,20.82,1.75
2025-07-01,NORMAL,primary_to_NORMAL,617.65,16.83,1.72
2025-08-01,ELEVATED,primary_to_ELEVATED,621.72,20.38,1.75
2025-08-15,NORMAL,primary_to_NORMAL,643.44,15.09,1.69
2025-08-29,ELEVATED,primary_to_ELEVATED,645.05,15.36,1.8
2025-09-09,NORMAL,primary_to_NORMAL,650.33,15.04,1.75
2025-10-10,ELEVATED,primary_to_ELEVATED,653.02,21.66,1.72
2025-10-23,NORMAL,primary_to_NORMAL,671.76,17.3,1.66
2025-11-03,ELEVATED,primary_to_ELEVATED,683.34,17.17,1.71
2025-12-08,NORMAL,primary_to_NORMAL,683.63,16.66,1.73
2026-01-20,ELEVATED,primary_to_ELEVATED,677.58,20.09,1.65
2026-03-12,STRESS,primary_to_STRESS,666.06,27.29,1.84
2026-03-17,ELEVATED,primary_to_ELEVATED,670.79,22.37,1.85
2026-04-14,NORMAL,primary_to_NORMAL,694.46,18.36,1.7
